Company,Search,Job Page,Notes
(ISC)²,"US, UK, Germany, Japan, Singapore",https://www.isc2.org/Job-Opportunities,
1 Second Everyday,Worldwide,https://1se.co/jobs,
10Clouds,Worldwide,https://10clouds.com/careers/,
10up,Worldwide,https://10up.com/careers/,
12go.com,Worldwide,https://12go.com/en/jobs,
15Five,Worldwide,https://jobs.lever.co/15five,
17hats,Worldwide,https://www.17hats.com/careers,
18F,US,https://join.tts.gsa.gov/,
1Password,"US, Canada, UK, Netherlands",https://1password.com/jobs/,
350.org,Worldwide,https://boards.greenhouse.io/350org,
37signals,Worldwide,https://37signals.com/jobs,
3Pillar Global,Worldwide,https://www.3pillarglobal.com/career-opportunities/,
42 Technologies,Worldwide,https://wellfound.com/company/42/jobs,
500 Global,Selected Countries,https://500.co/careers,
5CA,EMEA,https://careers.5ca.com/open-positions,
6sense,"Costa Rica, India, UK, US",https://6sense.com/about-us/careers/,
7pace,Worldwide,https://apply.workable.com/7pace/,
90 Seconds,Worldwide,https://90seconds.com/about/careers/,
abiturma,Germany,https://abiturma.de/jobs,
Ableton,"Germany, UK, Spain or Netherlands",https://www.ableton.com/en/jobs/,
Ably,"US, Europe",https://ably.com/careers,
Above Lending,US,https://boards.greenhouse.io/abovelending,
Absorb,Worldwide,https://absorblms.hrmdirect.com/employment/job-openings.php,
Abstract ,US,https://www.abstract.com/careers/#openings,
Abstract API,Worldwide,None,
Accelerate Change,US,https://acceleratechangenetwork.freshteam.com/jobs,
Access Softek,Worldwide,https://jobs.lever.co/accesssoftek,
Acivilate,US,https://acivilate.com/jobs.html,
Acquia,Worldwide,https://www.acquia.com/careers/open-positions,
Actable,Worldwide,https://actabl.com/careers/,
ActiveCampaign,Worldwide,https://www.activecampaign.com/about/careers#openings,
Ad Hoc Team,US,https://www.adhocteam.us/join/jobs/,
Ada Health,"US, Europe",https://ada.com/careers/,
Adaface,Asia,https://wellfound.com/company/adaface/jobs,
Adeva ,Worldwide,https://adevait.com/careers/job-openings,
Adzuna,Worldwide,https://www.adzuna.co.uk/jobs/careers,
AE Studio,"US, Brazil",https://ae.studio/join-us,
Aerolab ,Latin America,https://aerolab.us/jobs,
Aerostrat,US,https://aerostratsoftware.com/careers/,
Afresh,US,https://www.afresh.com/about/careers,
AgencyAnalytics,Canada,https://agencyanalytics.com/company/careers#openings,
AgentFire,Worldwide,https://weworkremotely.com/company/agentfire-com,
AgFlow,Europe,None,
Aha!,Worldwide,https://www.aha.io/company/careers,
Airalo,Worldwide,https://www.airalo.com/airalo-careers/job-vacancies,
Airbase,"North America, APAC",https://www.airbase.com/careers,
Airbyte,Worldwide,https://boards.greenhouse.io/airbyte,
AirGarage,US,https://jobs.ashbyhq.com/airgarage,
Airship (https://teamairship.com/),US,https://jobs.lever.co/teamairship/,
Airship (https://www.airship.com/),Worldwide,https://www.airship.com/company/careers/,
Airtable ,US,https://airtable.com/careers#open-positions,
Airtame,Worldwide,https://boards.greenhouse.io/airtamejobs/,
AirTreks,US,None,
Aiven,Worldwide,https://aiven.io/careers,
Aivitex,Germany,https://iuhhoo.workwise.io/,
Alami,Indonesia,https://alamisharia.co.id/en/karir/kategori/,
Alan,Europe,https://jobs.lever.co/alan,
Alexander Mann Solutions (AMS),Worldwide,https://www.weareams.com/careers/,
Algolia,Worldwide,https://www.algolia.com/careers/,
Algorand,US,https://algorand.com/about/careers/our-jobs,
Alight Solutions,Worldwide,https://careers.alight.com/us/en,
All Turles,Worldwide,https://www.all-turtles.com/careers,
AllCloud,"Europe, US",https://allcloud.io/careers/,
Alley,"North America, Europe",https://alley.com/careers/,
AllyDVM,US,devjobs@allydvm.com,
Alma,US,https://helloalma.com/careers/,
Almanac,Worldwide,https://almanac.io/careers,
Alpaca,Worldwide,https://alpaca.markets/hiring,
AlphaSights,"US, UK, Portugal, Brazil",https://www.alphasights.com/careers/open-roles/,
Amazon,Worldwide,https://www.amazon.jobs/en/locations/virtual-locations,
Ambaum,"US, Europe",https://ambaum.com/careers/,
American Farmland Trust,US,https://farmland.org/careers/,
Amplify,US,https://amplify.wd1.myworkdayjobs.com/Amplify_Careers,
"AMX Healthcare, Inc.",US,https://apply.workable.com/amxhealthcare/,
Ancient Gaming,Worldwide,https://careers.ancient.gg/,
Andela,Worldwide,https://andela.com/careers/,
Angaza,"US, Africa",https://www.angaza.com/careers/,
Animalz,US,https://www.animalz.co/join-us/,
Annertech,Ireland,https://www.annertech.com/careers,
Anomali,"US, UK, Singapore",https://www.anomali.com/company/careers,
Anthemis,"US, UK",https://www.anthemis.com/careers/,
Anytime Mailbox,Philippines,https://apply.workable.com/anytime-mailbox/,
Anywhere,US,https://anywhere.eightfold.ai/careers,
apartment therapy,US,https://www.apartmenttherapymedia.com/jobs/,
Apollo,Worldwide,https://www.apollo.io/company/careers,
Apollo GraphQL,"US, Canada, UK, Germany",https://www.apollographql.com/careers/#positions,
App Academy,Worldwide,https://jobs.lever.co/appacademy/,
Appinio,Worldwide,https://www.appinio.com/en/careers,
Applaudo,Worldwide,https://careers.smartrecruiters.com/ApplaudoStudios,
Appsilon,Europe,https://appsilon.com/careers/,
Appstractor Corporation,"US, UK, Israel",https://www.appstractor.com/careers/,
Appwrite,Worldwide,https://appwrite.io/company/careers,
arc(),"Asia, LATAM",https://boards.greenhouse.io/arcdev,
ArchLynk,"India, Austria, Australia, Netherlands",https://archlynk.com/careers,
Argent,Europe,https://www.argent.xyz/careers/,
argyle,Worldwide,https://argyle.com/careers/,
ARK,Worldwide,https://ark.io/careers,
Arkency,Worldwide,https://arkency.com/join-our-team/,
Art+Logic,North America,https://artandlogic.com/careers/,
Artefactual Systems,"Americas, Europe, Africa",https://www.artefactual.com/careers,
Articulate,"US, UK, Ireland",https://www.artefactual.com/job-postings,
Artificial,Worldwide,https://apply.workable.com/artificial/,
Ascent Software,Worldwide,https://www.ascent.io/careers/,
Ashby,"North America, South America, Europe",https://www.ashbyhq.com/careers,
AskWonder,Worldwide,https://start.askwonder.com/researcher/application/start,
Aspire,Asia,https://aspireapp.com/careers,
Astra,Worldwide,https://brainstormforce.com/join/,
Astronomer,"US, India",https://www.astronomer.io/careers/,
Athenian,Worldwide,https://careers.athenian.co/,
Atlassian,Worldwide,https://www.atlassian.com/company/careers,
Audiense,Worldwide,https://www.audiense.com/jobs/careers,
Aula Education,Worldwide,https://aulaatcoventry.notion.site/Aula-Work-with-us-b5f19ee874c5435591ac70b804aff8f9,
Auth0,Worldwide,https://www.okta.com/company/careers/,
Authority Partners,Worldwide,https://authoritypartners.com/careers/,
Automattic,Worldwide,https://automattic.com/work-with-us/#open-positions,
AutoSuggest.net,Worldwide,https://www.autosuggest.jobs/,
Avaaz,Worldwide,https://avaaz.hire.trakstar.com/,
Avomind,Worldwide,https://avomind.freshteam.com/jobs,
Awesome Motive,Worldwide,https://awesomemotive.com/career/,
Axelerant,India,https://www.axelerant.com/careers/open-positions,
Axios,Worldwide,https://www.axios.com/careers,
Axon,Selected Countries,https://www.axon.com/careers,
b-next,"Germany, Ukraine",https://www.b-next.com/careers/,
Backflip,US,https://jobs.lever.co/backflip,
Bairesdev,Worldwide,https://jobs.bairesdev.com/,
Balena,Worldwide,https://apply.workable.com/balena/,
Balsamiq,Worldwide,https://balsamiq.com/company/jobs/,
Bandcamp,Worldwide,https://bandcamp.com/jobs,
BandLab Studio,Worldwide,https://www.bandlab.com/careers,
Bandzoogle,Worldwide,https://bandzoogle.com/jobs,
Bard,Ireland,http://www.bardnangleann.com/careers/,
Baremetrics,Worldwide,https://baremetrics.com/about#careers,
Basecamp,Worldwide,https://37signals.com/jobs,
Baymard Institute,Worldwide,https://baymard.com/jobs,
Bazaarvoice,Worldwide,https://www.bazaarvoice.com/company/careers/,
BBE Marketing,Worldwide,https://bbemarketing.com/careers/,
BeBanjo,Worldwide,https://bebanjo.com/careers,
BeiGene,"US, Europe",https://beigene.wd5.myworkdayjobs.com/en-US/BeiGene,
Bejamas ,Worldwide,https://bejamas.io/careers/#oportunities,
Belmont Lavan,Europe,https://apply.workable.com/belmont-lavan-ltd/,
Bench Accounting,Worldwide,https://www.bench.co/careers,
Best Practical Solutions,Worldwide,https://bestpractical.com/careers,
Betable,"North America, Europe",https://corp.betable.com/careers,
BetaPeak,Worldwide,hello@betapeak.com,
BetterUp,"US, Europe",https://www.betterup.com/en-us/about-us/careers,
Beutler Ink,US,https://www.beutlerink.com/careers,
Bevy,Worldwide,https://www.bevy.com/jobs,
Beyond Company,Brazil,curriculo+githubremotejobs@beyondcompany.com.br,
BeyondPricing,"US, India",https://www.beyondpricing.com/about/careers,
Bezos Academy,US,https://bezosacademy.org/open-roles/,
Big Cartel,US,https://jobs.bigcartel.com/,
Big Nerd Ranch,US,https://bignerdranch.com/careers/,
BigCommerce,Selected Countries,https://careers.bigcommerce.com/,
Bill,"US, Australia",https://www.bill.com/about-us/jobs,
Binance,Worldwide,https://www.binance.com/en/careers/job-openings,
Bishop Fox,"US, UK, Mexico",https://bishopfox.com/careers,
Bit Zesty,Worldwide,https://bitzesty.com/careers/,
Bitfinex,Worldwide,https://bitfinex.recruitee.com/,
Bitnami,Worldwide,https://careers.vmware.com/careers-home/,
Bitovi,Worldwide,https://www.bitovi.com/about/jobs,
Bizink,Worldwide,https://www.bizinkonline.com/careers/,
Blameless,North America,https://www.blameless.com/careers,
Blanc Labs,"Canada, Colombia, Argentina, Mexico",https://blanclabs.com/company/careers/,
Block,Selected Countries,https://block.xyz/careers,
Bloom Institute of Technology,US,https://www.bloomtech.com/careers,
Bloomreach,"Europe, US, India",https://www.bloomreach.com/en/careers,
Blue Orange Digital,US,https://blue-orange-digital.breezy.hr/,
BlueCat Networks,"US, Canada, UK",https://bluecatnetworks.com/careers/,
Blueground,Worldwide,https://www.theblueground.com/careers,
Bluespark,Worldwide,https://www.bluespark.com/careers,
Boldare,Europe,https://www.boldare.com/career/,
Bonsai,Worldwide,https://www.hellobonsai.com/careers,
Boundless Life,Worldwide,https://www.boundless.life/careers,
Bounteous,"North America, India",https://www.bounteous.com/careers/,
Brainstorm Force,Worldwide,https://brainstormforce.com/join/,
Branch Messenger,US,https://boards.greenhouse.io/branch,
Brave Care,US,https://brave-care.breezy.hr/,
Brave Software,Worldwide,https://brave.com/careers/,
Brex,"US, Canada, Mexico, Brazil, Israel",https://www.brex.com/careers#jobsBoard,
Bright Funds,US,https://hello.brightfunds.org/jobs/,
Brightfind,Worldwide,https://www.brightfind.com/careers/,
Brightwheel,US,https://mybrightwheel.com/careers/,
Brikl,Worldwide,https://www.brikl.com/jobs,
BriteCore,US,https://www.britecore.com/company/careers,
Broadvoice ,"US, Colombia, Portugal",https://www.broadvoice.com/careers/,
Broadwing,Worldwide,recruiting@broadwing.io,
Buchanan Technologies,Americas,https://www.buchanan.com/careers/,
BuddyBoss,Worldwide,https://www.buddyboss.com/jobs/,
Buffer,Worldwide,https://buffer.com/journey,
Bugcrowd,"LATAM, APAC",https://www.bugcrowd.com/about/careers/#openings,
Bugfender,"Americas, Europe, Africa",https://mobilejazz.com/careers/,
BuySellAds,Worldwide,https://careers.jobscore.com/careers/buysellads,
C4Media,"South America, Europe, Africa",https://c4media.com/career,
Cabify,"Spain, South America",https://cabify.careers/en/,
Calendly,Worldwide,https://careers.calendly.com/,
Calibre,Worldwide,https://calibreapp.com/careers,
Campfire Labs,Worldwide,https://campfirelabs.co/careers,
CampusWorks,US,https://www.campusworksinc.com/about/careers/,
Camunda,Selected Countries,https://camunda.com/careers/,
CANCOM,"Germany, Austria, Slovakia",https://career.cancom.com/,
Canonical,Worldwide,https://canonical.com/careers/all,
Canvas,"Europe, North America",https://canvas.io/jobs,
Capchase,"Americas, Europe",https://www.capchase.com/careers,
Capital One,US,https://www.capitalonecareers.com/search-jobs,
Cards Against Humanity,US,https://www.cardsagainsthumanity.com/careers,
Care Access,US,https://careaccess.com/about/careers,
CareCru,Worldwide,https://www.linkedin.com/company/carecru/jobs/,
CareHarmony,US,https://care-harmony.com/about-us/careers/,
CareMessage,Worldwide,https://www.caremessage.org/about-us/careers/,
Caribou Digital,Worldwide,http://opportunities.cariboudigital.net/,
Carry1st,Worldwide,https://www.carry1st.com/join-us,
CartKit,Worldwide,https://cartkit.notion.site/Work-at-CartKit-b14d5aef3bae4061a9e3d7727e5cc471,
CARTO,"US, Europe",https://carto.com/careers,
Cartstack,Worldwide,https://www.cartstack.com/careers/,
CAST AI,Worldwide,https://castai.teamtailor.com/jobs,
Casumo,Europe,https://www.casumocareers.com/jobs,
Catalyte,US,https://catalyte.wd1.myworkdayjobs.com/catalyte,
Celsius,"US, Israel",https://celsius.network/careers,
Center Pixel,US,https://jobs.ashbyhq.com/center,
Cere,Worldwide,https://cere.network/careers/,
Chainalysis,US,https://www.chainalysis.com/careers/job-openings/,
Chainbridge Technologies,Worldwide,https://www.chainbridgetech.com/Careers.aspx,
Chainlink Labs,Worldwide,https://careers.chain.link/,
ChainSafe Systems,"EU, North America",https://chainsafe.io/careers,
ChanceLight Education,US,https://careers.chancelight.com/,
Channel Factory,Worldwide,https://channelfactory.com/about-us/,
charity: water,Worldwide,https://www.charitywater.org/about/jobs,
ChartHop,Worldwide,https://www.charthop.com/about-us/careers/jobs/,
ChartMogul,Worldwide,https://jobs.chartmogul.com/,
ChatGen,"US, India",https://www.linkedin.com/company/chatgenai/jobs/,
Check,US,https://www.checkhq.com/company/open-roles,
Checkly,"Europe, US",https://www.checklyhq.com/careers,
Checkr,"US, Canada",https://checkr.com/company/careers,
Chef,"Europe, US, India",https://www.chef.io/careers,
ChefsClub,Brazil,https://podio.com/webforms/15229618/1020915,
Chegg,"US, Israel, India",https://osv-chegg.wd5.myworkdayjobs.com/Chegg,
Chess.com,Worldwide,https://www.chess.com/jobs,
Chili Piper,Worldwide,https://www.chilipiper.com/careers,
Chromatic,Worldwide,https://www.chromatic.com/company/careers,
Cielo,Worldwide,https://careers.cielotalent.com/,
Cint,Selected Countries,https://careers.smartrecruiters.com/Cint,
CircleCI,Worldwide,https://circleci.com/careers/jobs/,
Circonus,Worldwide,https://www.circonus.com/about/careers/,
CivicActions,Worldwide,https://civicactions.com/careers/,
Civo,Worldwide,https://www.civo.com/careers,
ClassDojo,US time zones,https://www.classdojo.com/jobs/,
Clear.Bank,"UK, Netherlands",https://clear.bank/join-clearbank,
Clearbit,US,https://jobs.lever.co/clearbit,
ClickOut Media,Worldwide,https://clickoutmedia.teamtailor.com/,
ClickUp,Worldwide,https://clickup.com/careers,
Clincierge,US,https://www.clincierge.com/jobs/,
Clipboard Health,Worldwide,https://corporatecareers.clipboardhealth.com/,
Clootrack,"India, US",https://www.clootrack.com/careers,
Close,Worldwide,https://jobs.lever.co/close.io/,
Cloud Academy,Worldwide,https://cloudacademy.recruitee.com/,
Cloudbeds,"Ameracas, Europe",https://www.cloudbeds.com/careers/,
CloudBees,Worldwide,https://www.cloudbees.com/careers/job,
Cloudflare,Worldwide,https://www.cloudflare.com/careers/jobs/,
CloudLinux,Worldwide,https://www.cloudlinux.com/about-us-company-jobs/,
Clovertech,Ukraine,https://clover.tech/careers/,
Coalition Technologies,US,https://coalitiontechnologies.com/jobs,
Code for America,US,https://www.codeforamerica.org/jobs#openings,
Code Like a Girl,Australia,https://www.codelikeagirl.com/about/join-our-team/,
Codea IT,Worldwide,https://www.careers-page.com/codeait,
CodeCombat,Worldwide,https://codecombat.com/about#careers,
Codeless,Worldwide,https://codeless.io/careers/,
Codelitt,Worldwide,https://jobs.lever.co/codelitt,
CodeNewbie,Worldwide,https://jobs.forem.com/,
CodeSandbox,Worldwide,https://codesandbox.io/careers,
CodeWP,Worldwide,https://codewp.notion.site/CodeWP-Careers-23a947e29d4743859f4e0426a692ef52,
Codica,Europe,https://www.codica.com/careers/,
Cofense,"US, Australia",https://cofense.com/about/careers/,
Coforma,US,https://coforma.io/careers/,
Coinbase,Worldwide,https://www.coinbase.com/careers,
CoinGape,Worldwide,https://coingape.com/careers/,
CoinTracker,"US, Canada",https://jobs.ashbyhq.com/cointracker,
Collabora,Worldwide,https://www.collabora.com/careers.html,
Comet,France,https://www.welcometothejungle.com/fr/companies/comet/jobs,
CommandBar,US,https://www.commandbar.com/careers,
CommerceHub,"US, Europe",https://www.commercehub.com/careers/,
Community Brands,Worldwide,https://www.communitybrands.com/company/join-our-team/,
Community Phone,Worldwide,https://www.communityphone.org/careers#jobs,
Competera,Ukraine,https://competera.net/company/careers,
Compuco,Worldwide,https://careers.compuco.io/open-roles,
Connexa,US,https://www.connexa.com/apply,
ConsenSys,Worldwide,https://consensys.net/careers/,
Consumer Financial Protection Bureau,US,https://www.consumerfinance.gov/about-us/careers/,
Continu,US,https://www.continu.com/careers,
Contra,Worldwide,https://contra.com/careers,
Contrast Security,"US, Europe",https://www.contrastsecurity.com/contrast-careers,
Conversio,Worldwide,adii@conversio.com,
Convert.com,Worldwide,https://www.convert.com/jobs/,
ConvertKit,Worldwide,https://convertkit.com/careers,
Coodesh,Brazil,https://www.linkedin.com/company/coodesh/jobs/,
Copado (ex-New Context),Worldwide,https://copado.com/open-positions,
Copperleaf,Worldwide,https://www.copperleaf.com/company/careers/current-openings/,
Corbalt,Worldwide,https://jobs.lever.co/corbalt,
Core-Apps,Worldwide,https://www.communitybrands.com/company/join-our-team/,
Corgibytes,US,https://corgibytes.com/careers/,
Corsearch,Worldwide,https://careers.corsearch.com/,
Coursedog,US,https://www.coursedog.com/careers-page#jobs,
Coursera,Worldwide,https://about.coursera.org/careers/,
CoverGo,"Vietnam, Philippines, Poland, Ireland, Czechia, Singapore",https://covergo.com/about-us/join-us,
Cozymeal,"US, Canada, Mexico",https://www.cozymeal.com/jobs,
CrateDB,Europe,https://jobs.crate.io/,
CrazyLabs,Worldwide,https://www.crazylabs.com/careers/,
Creatio,Selected Countries,https://www.creatio.com/company/careers,
Crimson Education,Worldwide,https://careers.crimsoneducation.org/,
Cro Metrics,US,https://careers.crometrics.com/,
Crossover,Worldwide,https://www.crossover.com/jobs,
Crowdstrike,Worldwide,https://www.crowdstrike.com/careers/,
Crunchyroll,Worldwide,https://www.crunchyroll.com/about/jobs/,
Crytek,Worldwide,https://www.crytek.com/career,
Cueup,Worldwide,https://cueup.io/jobs,
Curology,US,https://curology.com/careers/,
Curotec,Worldwide,https://www.curotec.com/careers/,
Customer.io,Worldwide,https://customer.io/careers/,
Customertimes,"Europe, LATAM",https://customertimes.com/careers/,
CVS Health,US,https://jobs.cvshealth.com/,
CWT,Worldwide,https://careers.mycwt.com/,
Cyber Whale,Europe,https://weloveremotejobs.com/remote-jobs-list/?filter-author=25,
Cycloid,Europe,https://cycloid.jobs.personio.de/,
D2iQ,Worldwide,https://d2iq.com/careers#jobs,
DappRadar,Worldwide,https://dappradar.com/careers,
Dare Planet Technology,Europe,https://dareplanet.tech/en/join-dare-planet-technology/,
Data Science Dojo,Worldwide,https://datasciencedojo.com/about/careers/,
DataAnnotation.tech,Worldwide,None,
DataBees,Worldwide,https://monetate.com/join-the-monetate-team/,
DataCamp,Worldwide,https://www.datacamp.com/careers,
Datadog,Worldwide,https://careers.datadoghq.com/,
Datarobot,Worldwide,https://www.datarobot.com/careers/,
DataStax,"US, UK",https://www.datastax.com/company/careers,
dbt,Worldwide,https://www.getdbt.com/dbt-labs/open-roles/,
DealDash,Worldwide,https://www.dealdash.com/careers,
Dealfront,Europe,https://www.dealfront.com/careers/,
DECA Games,Worldwide,https://decagames.com/#5,Employees in Russia
Deel,Worldwide,https://www.deel.com/careers,
DeepL,"Germany, Netherlands, UK, Poland",https://jobs.deepl.com/,
deepset,Worldwide,https://www.deepset.ai/jobs,
Defiant,"US, Canada",https://www.defiant.com/employment/,
Degreed,US,https://explore.degreed.com/careers,
Delighted,US,https://delighted.com/jobs,
Delta Dental,US,https://www.deltadental.com/us/en/about-us/careers.html,
Demandbase,"US, UK, India",https://www.demandbase.com/about-us/careers/job-openings/,
Density,Worldwide,https://www.density.io/careers,
deskbird,Europe,https://deskbird.jobs.personio.com/,
Deskpass,Worldwide,https://deskpass.notion.site/Job-Board-6f8b61dd5e9140e0b7ac1dbead58f083,
Dev Community Inc.,Worldwide,https://jobs.forem.com/,
Dev Spotlight,Worldwide,info@devspotlight.com,
Develux,Europe,https://jobs.dou.ua/companies/develux/vacancies/,
Devoteam,Worldwide,https://www.devoteam.com/join-us/,
DevSquad,Worldwide,https://apply.workable.com/devsquad/,
Dgraph,Americas,https://dgraph.io/careers,
DHIS2,Worldwide,https://dhis2.org/careers/,
Digital Voices,"US, UK",https://digitalvoices-1653410641.teamtailor.com/jobs,
DigitalOcean,Worldwide,https://www.digitalocean.com/careers/,
Digitsonly,Worldwide,https://apply.workable.com/digits-only/,
Direct Supply,US,https://www.directsupply.com/careers/,
DirectID,UK,https://www.direct.id/about/careers,
Discord,US,https://discord.com/careers,
Discourse,Worldwide,https://www.discourse.org/jobs,
Discovery Education,"US, UK",https://apply.workable.com/discoveryed/,
dLocal,Selected Countries,https://jobs.lever.co/dlocal,
DNSimple,Worldwide,https://dnsimple.com/jobs,
Docker,"North America, Europe",https://www.docker.com/careers/,
DockYard,Worldwide,https://dockyard.com/careers,
Docplanner Group,"Europe, LATAM, Turkiye",https://www.docplanner.com/career,
DocuSign,"Americas, Europe, Japan",https://careers.docusign.com/,
Doist,"Americas, Europe",https://doist.com/careers,
Doubledot Media,Worldwide,https://www.doubledotmedia.com/jobs,
Doximity,US,https://workat.doximity.com/positions/,
Draftable,EMEA,https://www.linkedin.com/company/draftable/jobs/,
Dragos,"US, Singapore",https://www.dragos.com/careers/,
DroneDeploy,Worldwide,https://www.dronedeploy.com/about/careers/,
Dropbox,Worldwide,https://jobs.dropbox.com/,
Drops,Worldwide,https://apply.workable.com/drops/,
Drupal Jedi,Worldwide,https://drupaljedi.com/careers/,
DuckDuckGo,Worldwide,https://duckduckgo.com/hiring/#open,
DynaPictures,Worldwide,info@dynapictures.com,
Dynatrace,Worldwide,https://careers.dynatrace.com/,
e2f,Selected Countries,https://www.e2f.com/jobs,
EarthOfDrones,Worldwide,None,
EatStreet,US,https://eatstreet.com/careers,
EBSCO Information Services,"US, Canada, Europe",https://careers.ebscoind.com/ebscoinformationservices,
Ebury,Worldwide,https://careers.ebury.com/,
Echobot,Europe,https://www.echobot.com/career/,
Edgar,Worldwide,https://meetedgar.com/careers/,
Edgio,Worldwide,https://edg.io/company/careers/,
Eight Sleep,US,https://jobs.ashbyhq.com/eightsleep,
Elastic,Worldwide,https://www.elastic.co/careers,
ElectroNeek,"South America, North America",https://electroneek.com/careers/,
Elevate Labs,Americas,https://jobs.lever.co/elevatelabs/,
ElevenLabs,Worldwide,https://elevenlabs.io/careers,
Elo Entertainment,Worldwide,https://www.elo.io/about#careers,
Emerging Travel Group,Worldwide,https://www.emergingtravel.com/career/,Have operations in Russia
Employ,US,https://careers.employinc.com/search/jobs,
Employment Hero,"Asia, UK",https://employmenthero.com/careers/,
Empower,"US, APAC, Mexico",https://empower.me/careers/,
Emsisoft,Worldwide,https://www.emsisoft.com/en/careers/,
Eneba,Worldwide,https://www.eneba.com/careers,
EngagedMD,US,https://www.engagedmd.com/careers,
Enode,Europe,https://enode.com/careers,
Enok,US,https://www.enok.co/join-the-team,
Ensono,"US, Poland, India",https://www.ensono.com/company/careers/,
Envato,"Australia, New Zealand, Mexico",https://www.envato.com/about/careers/,
Episource,"US, India, Mexico",https://go.episource.com/careers,
Equal Experts,Worldwide,https://www.equalexperts.com/join-ee/,
Equilibrium Energy,US,https://www.equilibriumenergy.com/careers,
Equis,US,https://weareequis.us/en-US/careers,
Ergeon,Worldwide,https://www.ergeon.com/careers/,
Essence of Email,Worldwide,https://essenceofemail.com/careers/,
Estately,US,https://www.estately.com/about#jobs,
Etch,Europe,https://etch.co/jobs,
Etsy,Worldwide,https://careers.etsy.com/home,
EVELO,US,https://evelo.com/pages/careers,
Eventbrite,Worldwide,https://jobs.lever.co/eventbrite/,
Evil Martians,Worldwide,https://www.linkedin.com/company/evil-martians/jobs/,
eVisit,US,https://apply.workable.com/evisit/,
Evotix,"EMEA, US, India, Australia",https://www.evotix.com/careers,
Exodus,Worldwide,https://www.exodus.io/careers/,
Expensify,Worldwide,https://we.are.expensify.com/#workwithus,
FairMoney,Worldwide,https://apply.workable.com/fairmoney/,
Fairwinds,US,https://www.fairwinds.com/careers,
Fastly,US,https://www.fastly.com/about/careers,
FATMAP,"US, UK",https://about.fatmap.com/careers,
Fauna,"Americas, Europe",https://fauna.com/careers,
Fetch & Funnel,Worldwide,https://fetch-funnel.breezy.hr/,
FetLife,Worldwide,https://fetlife.com/jobs,
FFW,Worldwide,https://ffwagency.com/careers,
Fieldguide,US,https://www.fieldguide.io/careers,
Figma,"US, Canada",https://www.figma.com/careers/,
Figment,Worldwide,https://boards.greenhouse.io/figment,
Find.co,"EMEA, US",https://apply.workable.com/find-dot-c-o/,
Findify,"Europe, Africa",https://careers.findify.io/,
Fingerprint,Worldwide,https://fingerprint.com/careers/,
Finixio,Worldwide,https://finixio.com/careers/#hiringsect,
FinThrive,Worldwide,https://finthrive.com/careers,
Fire Engine RED,Worldwide,https://www.fire-engine-red.com/careers/,
Five Jars,Worldwide,https://fivejars.com/careers,
Fiverr,Worldwide,https://www.fiverr.com/jobs,
FiveXL,Worldwide,https://fivexl.io/career/,
Fleetio,US,https://www.fleetio.com/careers,
FlightAware,US,https://flightaware.com/about/careers/,
Flip,Indonesia,https://flip.id/en/karir,
Float,Worldwide,https://www.float.com/careers/,
Flock Safety,US,https://www.flocksafety.com/careers,
Fluence,"US, Germany",https://jobs.lever.co/fluence?workplaceType=remote,
Fly.io,Worldwide,https://fly.io/jobs/,
FMX,US,https://www.gofmx.com/careers/,
Forem,Worldwide,https://jobs.forem.com/,
Form3,"Europe, North America, Argentina",https://form3.tech/careers,
FormAssembly,"US, UK, Ireland",https://apply.workable.com/formassembly/,
Formidable,"US, Canada, Europe",https://formidable.com/careers/,
Formstack ,Worldwide,https://www.formstack.com/careers,
Founde Blocks,Worldwide,https://founderblocks.io/en/jobs/,
Four Kitchens,Americas,https://fourkitchens.com/careers/,
Foxelli Group,Europe,https://foxelligroup.recruitee.com/,
Fraudio,Europe,https://www.fraudio.com/we-are-fraudio,
Freeletics,"Germany, Poland, Portugal",https://www.freeletics.com/en/corporate/jobs/,
Freemodel,US,https://www.freemodel.com/careers,
Frontline Education,US,https://www.frontlineeducation.com/about/careers/,
Fuel Made,Worldwide,https://fuelmade.com/pages/jobs,
Fuelfinance,Worldwide,https://fuelfinance.breezy.hr/,
FullFabric,Europe,https://www.fullfabric.com/company/careers,
FullStack Labs,LATAM,https://www.fullstacklabs.co/careers,
FullStory,Worldwide,https://www.fullstory.com/careers/,
Functionize,Worldwide,https://www.functionize.com/careers,
Fundraise Up,"US, Europe, LATAM",https://boards.greenhouse.io/fundraiseup,
Future Holidays,Worldwide,https://futureholidays.co/careers/,
Future PLC,"US, UK, Australia, Czechia",https://www.futureplc.com/careers/,
Gaggle,US,https://www.gaggle.net/careers,
Galvanize,Worldwide,https://www.galvanize.com/careers/,
Gartner,Worldwide,https://jobs.gartner.com/jobs/,
Gate.io,Worldwide,https://www.gate.io/careers,
Gatsby,Worldwide,https://www.netlify.com/careers/,
Geckoboard,Worldwide,https://www.geckoboard.com/about/careers/,
Gelato Network,Worldwide,https://www.gelato.network/careers,
General Assembly,Worldwide,https://generalassemb.ly/careers,
Genesis,"Ukraine, South Africa, Poland",https://www.gen.tech/career,
Genesys,Worldwide,https://www.genesys.com/company/careers,
GEO Jobe,US,https://geo-jobe.com/careers/,
Get Beyond,US,https://careers.getbeyond.com/,
GetCode,Ukraine,https://get-code.net/career,
GFT,Worldwide,https://www.gft.com/int/en/about-us/career,
Ghost,Worldwide,https://careers.ghost.org/,
Ghost Inspector,Americas,https://ghostinspector.com/jobs/,
Giant Digital,Worldwide,https://www.giantdigital.co.uk/careers/,
Giant Swarm,Worldwide,https://www.giantswarm.io/careers,
GitBook,Worldwide,https://www.gitbook.com/about#join-us,
GitHub,Worldwide,https://github.com/about/careers,
GitLab,Worldwide,https://about.gitlab.com/jobs/apply/,
Givebutter,US,https://givebutter.com/careers#open-rolls,
Givelify,"US, Canada",https://www.givelify.com/about-us/careers/job-openings/,
Glasp,Worldwide,https://remoteok.com/glasp,
Glitch,US,https://www.fastly.com/about/careers,
Gluware,"US, UK",https://gluware.com/jobs/,
GoDaddy,Worldwide,careers.godaddy.com,
GoFundMe,Worldwide,https://www.gofundme.com/c/careers,
GoHiring,Worldwide,https://gohiring.com/jobs/,
Going,US,https://www.going.com/careers,
Gong,US,https://www.gong.io/careers/,
GoReel,"Ukraine, Slovakia",https://apply.workable.com/goreel/,
Grafana Labs,Worldwide,https://grafana.com/about/careers/,
Granicus,"US, UK, Australia, New Zealand, India",https://granicus.com/careers/,
Graphy,Worldwide,https://apply.workable.com/graphy/,
Gravity Sketch,"UK, Germany, Italy, Portugal, Spain, Poland, France",https://www.gravitysketch.com/careers/,
Graylog,Worldwide,https://www.graylog.org/careers/,
GreenM,Ukraine,https://greenm.io/careers/,
Gremlin,US,https://www.gremlin.com/team#careers,
Gridium,US,https://gridium.com/about/working-at-gridium/,
Griffin,"UK, Ireland, Germany, Sweden",https://griffin.com/careers,
Groove,Worldwide,https://www.groovehq.com/about#hiring,
Growtha,Worldwide,https://remoteok.com/growtha,
Gruntwork,GMT-7 to GMT+2,https://www.gruntwork.io/careers/,
Gusto,"US, Canada, Mexico, Turkiye",https://gusto.com/about/careers,
H1,US,https://h1.co/company/careers/,
Habyt,Worldwide,https://www.habyt.com/about,
Handshake,"US, UK, Germany, Romania",https://joinhandshake.com/careers/open-roles,
Hanzo,"US, Europe",https://www.hanzo.co/careers,
Happy Cog,US,https://www.happycog.com/careers/,
HappyFunCorp,US,https://happyfuncorp.com/careers,
Harvest,Worldwide,https://www.getharvest.com/careers,
HashEx,Worldwide,https://hashex.org/company/careers/,
HashiCorp,Worldwide,https://www.hashicorp.com/jobs#positions,
Hazel Health,US,https://www.hazel.co/company/careers#roles,
Headway,Ukraine,https://makeheadway.com/careers/,
Headway.io,US,https://headway.io/careers#Open-Positions,
Health Catalyst,US,https://www.healthcatalyst.com/who-we-are/careers,
Health Resources in Action,US,https://hria.org/jobs/,
Heap,Worldwide,https://heap.io/careers/jobs,
Help Scout,Worldwide,https://www.helpscout.com/company/careers/,
Heroku,"US, Argentina, India",https://www.heroku.com/careers,
HEY,Worldwide,https://37signals.com/jobs,
HICX,Selected Countries,https://www.hicx.com/careers/,
HighLevel,"US, India, Philippines",https://www.gohighlevel.com/careers,
Highstreet,"US, India",https://jobs.lever.co/highstreetit,
HiHello,Worldwide,https://jobs.lever.co/hihello,
Hint,"EU, Ukraine",https://hint.app/careers,
Hireology,US,https://hireology.com/careers/,
Holo Meeting,Worldwide,https://www.holomeeting.io/jobs,
HomeValet,US,https://www.homevalet.co/careers/,
Honeybadger,Worldwide,https://www.honeybadger.io/careers/,
Honor,US,https://www.honorcare.com/honor-careers/,
HonorBuilt,US,https://www.honorbuilt.com/careers/,
Hopin,"UK, Ireland, Spain",https://hopin.com/careers,
Hopper,Worldwide,https://www.hopper.com/careers,
HopSkipDrive,US,https://www.hopskipdrive.com/careers,
Horizon,Germany,https://gethorizon.jobs.personio.de/,
Hostaway,"North America, Europe",https://hostaway.recruitee.com/,
Hotel Engine,US,https://www.hotelengine.com/open-roles/,
Hotjar,"Europe, Africa, Middle East",https://careers.hotjar.com/,
Howl,Worldwide,https://planethowl.com/careers,
HubSpot,Selected Countries,https://www.hubspot.com/careers,
Hubstaff,Worldwide,https://hubstaff.com/jobs,
Hudl,"US, UK, EU",https://www.hudl.com/jobs,
Hugo.events,Worldwide,https://hugo.events/en/careers,
Human Made,Worldwide,https://humanmade.com/careers/,
HUSL Digital,Worldwide,https://husldigital.com/careers/,
Hustler Marketing,Worldwide,https://www.hustlermarketing.com/work-with-us/,
Hygraph,Worldwide,https://jobs.hygraph.com/,
Hypergiant,Worldwide,https://www.hypergiant.com/careers/,
HyperionDev,"South Africa, US, Europe",https://www.hyperiondev.com/jobs/,
Hypixel Studios,Worldwide,https://hypixelstudios.com/jobs/,
Hypothesis,Worldwide,https://web.hypothes.is/jobs/,
IBM,Worldwide,https://www.ibm.com/careers/us-en/,
IBVCLOUD OÜ,Ukraine,https://ibvcloud.eu/contacts/,
ID5,Worldwide,https://id5.io/jobs/,
iDeals,Worldwide,https://ideals.jobs/,
IDoneThis,Worldwide,None,
iFit,US,https://recruiting.adp.com/srccar/public/RTI.home?c=2177119,
Igalia,Worldwide,https://www.igalia.com/jobs/,
Imagine Learning,US,https://www.imaginelearning.com/about/careers/,
Immersive Inc.,"UK, EMEA, North America",https://www.immersivehiring.com/careers,
Immersive Labs,Worldwide,https://www.immersivelabs.com/job-openings/,
Impala,Europe,https://impala.travel/en/careers,
"Impending, Inc.",US,https://impending.com/hiring/,
Implisense,Germany,None,
Impulso,Brazil,https://impulso.team/en/profissionais/oportunidades,
imToken,"Asia, US",https://careers.token.im/en/home#jobs-table,
Included Health,Worldwide,https://includedhealth.com/careers/,
Incsub,Worldwide,https://incsub.com/careers/,
Infinite Red,US,None,
Influ2,"US, Ukraine",https://jobs.lever.co/influ2,
InfluxData,Worldwide,https://www.influxdata.com/careers/,
InfoTrust ,US,https://infotrust.com/careers/#positions,
INFUSE,Worldwide,https://infuse.com/emea/about/join-us/,
Inman,US,https://www.inman.com/careers/,
Inovalon,US,https://www.inovalon.com/careers/#openings,
Inpsyde,Europe,https://inpsyde.com/en/career/,
Inrupt ,"US, Europe",https://inrupt.com/careers,
Inshorts,India,https://inshorts.zohorecruit.com/careers,
Inside,"US, Canada",https://inside.breezy.hr/,
Insomniac,"US, Canada",https://insomniac.games/careers/,
Inspectorio,Worldwide,https://www.inspectorio.com/about/careers,
Instaclustr,US,https://www.instaclustr.com/careers/,
Instamobile,Worldwide,https://instamobile.io/react-native-jobs/,
Instructure,"US, Europe",https://www.instructure.com/about/careers,
Intellectsoft,"US, Ukraine, Poland",https://www.intellectsoft.net/careers,
IntelliPro,"US, Canada, Philippines, Europe",https://www.intelliprogroup.com/join,
Intellum,US,https://www.intellum.com/company/careers,
Interactivated,Worldwide,https://join.com/companies/interactivated,
Intercom,US,https://www.intercom.com/careers,
interface.ai,"US, India",https://interface.ai/open-positions/,
Internet Security Research Group,"US, Canada",https://www.abetterinternet.org/careers/,
Interpersonal Frequency (I.F.),Worldwide,https://www.ifsight.com/join-our-team,
Intevity,US,https://www.intevity.com/careers,
Intuit Inc.,Worldwide,https://www.intuit.com/careers/,
Intuition Machines,Worldwide,https://apply.workable.com/imachines/,
Invicti (former Netsparker),US,https://www.invicti.com/careers/,
Invisible,Worldwide,https://www.invisible.co/join-us/,
InVision,Worldwide,https://www.invisionapp.com/careers,
IOHK,Worldwide,https://apply.workable.com/io-global/,
IOpipe,US,https://www.iopipe.com/jobs/,
iOS App Templates,Worldwide,https://iosapptemplates.com/ios-developers-jobs-remote,
IOV Labs,Worldwide,https://www.iovlabs.org/careers,
IPInfo,Worldwide,https://ipinfo.io/jobs,
"IPS Group, Inc.",US,https://ipsgroupinc.com/careers/,
IQVIA,Worldwide,https://jobs.iqvia.com/search-jobs,
Iron Mountain,"US, Canada, Europe",https://ironmountain.jobs/remotevirtual-yes/new-jobs/,
iRonin.IT,Worldwide,https://careers.ironin.it/,
Irreducible,Worldwide,https://www.irreducible.com/careers,
Iterable,US,https://iterable.com/careers/,
Iterative,Worldwide,https://iterative.notion.site/Iterative-ai-is-Hiring-852cb978129645e1906e2c9a878a4d22,
iubenda,Worldwide,https://www.iubenda.com/en/help/1812-work-with-us,
Ivy,UK,https://apply.unify.ai/,
iwantmyname,Worldwide,https://iwantmyname.com/jobs,
iwoca,"UK, Germany",https://www.iwoca.co.uk/careers,
Jackson River,US,https://www.togetherwork.com/jobs/,
Jaya Tech,Worldwide,https://jaya.tech/,
Jerry,"US, Canada, China",https://getjerry.com/careers,
Jitbit,Worldwide,None,
Jitera,Worldwide,https://jitera.com/career,
job&talent,"France, Spain, UK, US, Germany, Sweden",https://jobs.lever.co/jobandtalent,
Jobandtalent,"EMEA, US, Canada",https://www.jobandtalent.com/join-us,
Jobscan,Worldwide,https://www.jobscan.co/careers,
Jobsity,LATAM,https://recruitment.jobsity.com/applylp,
Jooble,Worldwide,https://hiring.jooble.org/openroles,
journy.io,"Europe, Africa",https://www.journy.io/about-us,
Joyent,US,https://www.joyent.com/careers,
JupiterOne,"US, UK",https://www.jupiterone.com/careers,
Just Markets,Worldwide,https://careers.justmarkets.com/,
JustFund,Worldwide,https://justfund.us/careers/,
Kaggle,Worldwide,https://www.kaggle.com/about/careers,
Kahoot!,Europe,https://kahoot.com/open-positions/,
Kanopi Studios,"US, Canada",https://kanopi.com/careers/,
kea,Americas,https://careers.kea.ai/,
Keen IO,Worldwide,https://www.maxio.com/careers,
Kentik,"US, Europe",https://www.kentik.com/careers/,
Khan Academy,Worldwide,https://www.khanacademy.org/careers,
Kibeam,US,https://jobs.lever.co/Kibeam,
Kinsta,Worldwide,https://kinsta.com/careers/,
Kinvolk ,Worldwide,https://careers.microsoft.com/us/en,
Kiprosh,Worldwide,https://kiprosh.com/careers,
Kiva,Worldwide,https://www.careers.kiva.org/,
KIVORK,Worldwide,https://kivork.recruitee.com/,Russian is a corporate language
Klaviyo,"US, UK, Australia",https://careers.klaviyo.com/en/,
Knack,"US, Spain",https://www.knack.com/careers,
Knock ,US,https://www.knock.com/careers,
Kodify,Worldwide,https://kodify.recruitee.com/,
Koding,"North America, Europe",None,
Kokoon Technology,Europe,https://www.linkedin.com/company/kokoon-technology/jobs/,
komoot,Europe,https://www.komoot.com/jobs,
Kona,Worldwide,https://www.heykona.com/careers,
Kontist,"Europe, Africa",https://kontist.com/en/careers/,
Körber,"US, Europe",https://jobs.koerber.com/,
Kraken,Worldwide,https://www.kraken.com/careers,
Krit,US,https://krit.homerun.co/,
Kuali,US,https://www.kuali.co/jobs,
Laba,Ukraine,https://laba.ua/vacancy/list,
Labelbox,Worldwide,https://labelbox.com/company/careers/,
Lambert Labs,UK,https://lambertlabs.com/careers/,
Lasso,Worldwide,https://www.lassocrm.com/careers/,
Later,"US, Canada, UK",https://later.bamboohr.com/jobs/,
Lattice,US,https://lattice.com/careers,
LaunchDarkly,US,https://launchdarkly.com/careers/,
Lavin Media,Worldwide,https://www.lavinmedia.com/careers,
Layer,US,https://www.layereditor.com/careers,
Leadership Success,Worldwide,None,
Leadfeeder ,Europe,https://www.leadfeeder.com/jobs/,
LeadIQ,Worldwide,https://leadiq.com/careers,
LeadSimple,Worldwide,https://www.leadsimple.com/careers,
LearnWorlds,EU,https://www.learnworlds.com/careers/,
Ledgex,Worldwide,https://ledgex.com/careers/,
Let's Encrypt,"US, Canada",https://www.abetterinternet.org/careers/,
LexBlog,US,https://www.lexblog.com/careers/,
Leya AI,Worldwide,https://careers.leyaai.com/,
LHH,US,https://www.lhh.com/us/en/search-jobs/,
Lifen,France,https://www.lifen.health/en/about/become-a-lifener?,
Lightbend,Worldwide,https://www.lightbend.com/company/careers,
Lightspeed,Selected Countries,https://www.lightspeedhq.com/careers/,
Linaro,Worldwide,https://www.linaro.org/careers/,
Lincoln Loop,US,None,
LINE Plus Corporation,"Asia, North America",https://careers.linecorp.com/,
Link11,"Germany, Canada",https://www.link11.com/en/career/,
Linux Foundation,US,https://www.linuxfoundation.org/careers,
LionSher Technologies,Worldwide,https://lionsher.com/careers/,
Litmus,Worldwide,https://www.litmus.com/careers/,
LiveFlow,Worldwide,https://careers.liveflow.io/,
LivePerson,Worldwide,https://www.liveperson.com/company/careers/,
Livingston Research,Worldwide,https://livingston-research.com/careers,
Loadsmart,Americas,https://loadsmart.com/careers/,
Loadsys Web Strategies,US,None,
Localistico,Worldwide,https://wellfound.com/company/localistico/jobs,
Logos,"US, Mexico",https://www.logos.com/careers,
Loom,Worldwide,https://www.loom.com/careers,
LTK USA,Selected Countries,https://company.shopltk.com/en/find-your-career,
Lullabot,Worldwide,https://www.lullabot.com/jobs,
Lumen,US,https://jobs.lumen.com/global/en,
Lumenalta,Worldwide,https://lumenalta.com/remote-jobs,
Lumos,North America,https://www.lumos.com/careers,
Luxoft,Worldwide,https://career.luxoft.com/,
Lytx,US,https://lytx.wd1.myworkdayjobs.com/Lytx,
madewithlove,Worldwide,https://madewithlove.com/careers/,
Magnet Forensics,"US, Canada, UK, Germany",https://www.magnetforensics.com/careers-at-magnet,
Mahway,US,https://jobs.ashbyhq.com/Mahway,
Maids,Worldwide,https://www.careersatmaids.cc/apply/,
Mailbird,Worldwide,https://careers.getmailbird.com/,
MailerLite ,Worldwide,https://www.mailerlite.com/jobs,
Mailprotector,US,https://mailprotector.applytojob.com/apply/,
Mango Languages,Worldwide,https://mangolanguages.com/company/careers/,
Mapbox,Worldwide,https://www.mapbox.com/careers,
Marathon Digital Holdings,US,https://www.mara.com/about-us#careers,
March of Dimes,US,https://www.marchofdimes.org/about-us/careers,
Marco Polo,US,https://www.marcopolo.me/jobs/,
Marketade,US,https://www.marketade.com/jobs/,
Marketcircle ,Worldwide,https://www.marketcircle.com/company/careers/,
Massive Pixel Creation,Poland,https://massivepixel.io/careers/,
Massive Rocket,"Europe, India",https://massiverocket.com/careers/,Have operations in Russia
Matomo (InnoCraft),Worldwide,https://matomo.org/jobs/,
Matter Labs,Europe,https://jobs.eu.lever.co/matterlabs,
Mattermost,По всій кулі,https://mattermost.com/careers/#openings,
Mavenir,Worldwide,https://www.mavenir.com/about/careers/,
Maxicus,India,https://maxicus.com/careers/,
Maxio (formerly Chargify),Worldwide,https://www.maxio.com/careers,
Mayvue,US,https://mayvue.com/careers/,
Maze,Worldwide,https://angel.co/company/maze-design/jobs,
Mechanical Orchard,Worldwide,https://jobs.lever.co/mechanicalorchard,
Medallia,Worldwide,https://jobs.medallia.com/,
Mediacurrent,US,https://boards.greenhouse.io/mediacurrent,
Mediavine,US,https://www.mediavine.com/jobs/,
Medium,US,https://medium.com/jobs-at-medium,
MEDrecord,Europe,https://medrecord.io/we-are-hiring/,
Meeshkan,"Europe, Africa",https://meeshkan.com/about-us/jobs/,
Memberful,Worldwide,https://memberful.com/jobs/,
Memberful,Worldwide,https://memberful.com/jobs/,
Memberstack,North America,https://www.memberstack.com/careers,
Mercari,"Japan, India, US",https://careers.mercari.com/,
Mercury,"US, Canada",https://mercury.com/jobs,
Merico,Worldwide,None,
MeridianLink,US,https://www.meridianlink.com/careers,
Meshcapade,Europe,https://meshcapade.com/careers,
MessageBird,Worldwide,https://messagebird.com/en/careers#jobs,
MetaLab,"North America, South America",https://www.metalab.co/careers#careers,
MetaMask,Worldwide,https://consensys.net/open-roles/?discipline=32543,
MeteorOps,Worldwide,https://www.meteorops.com/careers,
Mews,Selected Countries,https://www.mews.com/en/careers/jobs,
Mezmo,US,https://boards.greenhouse.io/mezmo,
MGID,Worldwide,https://mgid.recruitee.com/,
Microsoft,Worldwide,https://careers.microsoft.com/v2/global/en/home.html,
Microverse ,Worldwide,https://boards.greenhouse.io/microverse,
Mimica,"Europe, North America, South America",https://www.mimica.ai/careers,Have employees in Russia
Mindful,Worldwide,https://jobs.medallia.com/,
Mindvalley,Worldwide,https://careers.mindvalley.com/,
Mixcloud,Europe,https://apply.workable.com/mixcloud-limited/,
Mixmax,Worldwide,https://www.mixmax.com/careers,
MixRank,Worldwide,https://mixrank.com/careers,
Mobile Jazz,Worldwide,https://mobilejazz.com/careers/,
Model N,US,https://www.modeln.com/company/careers/,
Modern Health,US,https://www.modernhealth.com/careers,
Modern Tribe,Worldwide,https://tri.be/careers/,
ModSquad,Worldwide,https://modsquad.com/careers,
Modus Create,Worldwide,https://moduscreate.com/careers/,
Mojo,Europe,https://jobs.lever.co/mojo-video/,
Molteo,Worldwide,https://join.com/companies/molteo,
Momentive.ai,"US, Canada, Ireland",https://www.momentive.ai/en/careers/,
Momentive.com,Worldwide,https://momentive.wd1.myworkdayjobs.com/MC,
Momentus Technologies,Worldwide,https://gomomentus.com/careers,
Monetate,"US, UK",https://monetate.com/join-the-monetate-team/,
MongoDB,Worldwide,https://www.mongodb.com/careers,
Monterail,Poland,https://www.monterail.com/careers,
Moovx,LATAM,https://moovx.mobi/careers/,
Mozilla,"US, Canada, Europe",https://www.mozilla.org/en-US/careers/,
mtc.,Europe,https://www.mtc.co.uk/careers,
Muck Rack,Worldwide,https://muckrack.com/careers,
Mural,Worldwide,https://www.mural.co/careers,
MusiX AG,Worldwide,https://www.musix.com/ch/de/jobs,
Musixmatch,EMEA,https://about.musixmatch.com/open-positions,
Mux,Worldwide,https://www.mux.com/jobs,
MyAgData/Independent Data Management,Worldwide,https://myagdata.com/careers/,
Mycelium,Worldwide,https://mycelium.xyz/careers,
Myndlift,Europe,https://apply.workable.com/myndlift/,
MySQL,Worldwide,https://www.mysql.com/about/jobs/,
Mystery Science,"US, UK",https://apply.workable.com/discoveryed/,
n8n,Europe,https://apply.workable.com/n8n/,
Nagarro Digital Ventures,Worldwide,https://www.nagarro.com/en/careers,
Namecheap,Worldwide,https://www.namecheap.com/careers/openings/,
Nava,Worldwide,https://www.navapbc.com/open-roles,
Neon,"North America, Europe",https://neon.tech/careers,
neptune.ai,Europe,https://neptune.ai/jobs#open-position,
NerdWallet,US,https://www.nerdwallet.com/careers,
NetApp,Worldwide,https://careers.netapp.com/search-jobs,
Netguru,Worldwide,https://www.netguru.com/join-netguru,
Nethermind,Worldwide,https://nethermind.io/company/,
Netlify,Worldwide,https://boards.greenhouse.io/netlify,
Netris,Worldwide,https://www.netris.io/job-openings/,
new relic,Worldwide,https://newrelic.careers/en_US/careers/,
NEXT,US,https://www.nexttrucking.com/careers/,
Nielsen,Worldwide,https://www.nielsen.com/careers/careers/#section-4,
Nillion,"US, EU",https://apply.workable.com/nillion/,
NimbleRx,Worldwide,https://www.nimblerx.com/careers,
NodeSource,Worldwide,None,
Noom,US,https://www.noom.com/careers/,
Nordhealth,"Europe, US",https://nordhealth.com/careers/,
NoRedInk,Worldwide,https://www.noredink.com/jobs,
Novoda,Europe,https://novoda.com/hiring,
npm,Worldwide,https://github.com/about/careers,
Nuage,India,https://nuagebiz.tech/careers/,
Nugistics,Worldwide,https://www.nugistics.io/careers/,
Numrah,Worldwide,https://numrah.breezy.hr/,
Nuna,US,https://www.nuna.com/careers/,
Nuvei,Selected Countries,https://www.nuvei.com/careers,
Nvidia,Worldwide,https://www.nvidia.com/en-us/about-nvidia/careers/,
NXLog,Worldwide,https://application.nxlog.org/,
NY Times,US,https://www.nytco.com/careers/,
O'Reilly,"US, UK, Australia",https://www.oreilly.com/careers/,
Obol Labs,Worldwide,https://jobs.lever.co/obol-tech/,
Obrio,Ukraine,https://obrio.co/en/vacancies,
Observe.AI,US,https://www.observe.ai/careers#open-positions,
Ocient,US,https://ocient.com/job-postings/,
Ockam,Worldwide,https://www.ockam.io/team#open-roles,
Octopus Deploy,Worldwide,https://octopus.com/company/careers,
Octopus Energy,"UK, Spain, Germany, Australia",https://octopus.energy/careers/join-us/#/,
Oddball,US,https://oddball.io/jobs/,
Odeko,Worldwide,https://odeko.com/pages/careers,
Offchain Labs,Worldwide,https://www.offchainlabs.com/careers,
Okta,Worldwide,https://www.okta.com/company/careers/,
Olark,"Americas, Europe, Africa",https://www.olark.com/jobs,
Olipop,US,https://drinkolipop.com/pages/olipop-jobs,
Ollie,Canada,None,
Ollie,US,https://jobs.lever.co/myollie,
Olly Olly,"US, Philippines",https://www.ollyolly.com/careers/,
Olo,US,https://www.olo.com/people-culture#careers,
OM1,US,https://www.om1.com/about/careers/,
Omada Health,US,https://www.omadahealth.com/about-us/careers,
OmbuLabs,Worldwide,https://www.ombulabs.com/jobs,
Ometria,"UK, Portugal",https://ometria.com/careers,
Omilia,Europe,https://omilia.com/careers/,
Omni Network,Worldwide,https://jobs.lever.co/omni-network,
One Beyond,UK,https://www.one-beyond.com/careers/,
Onepilot,Europe,https://web.fountain.com/c/one-pilot/picker,
OneStudyTeam,US,https://careers.onestudyteam.com/home,
OneTrust,Worldwide,https://www.onetrust.com/careers/,
Onna,"US, EU",https://onna.com/careers,
OnTheGoSystems,EMEA,https://onthegosystems.com/jobs/,
OP Labs PBC,Worldwide,https://boards.greenhouse.io/oplabs,
Open-Xchange,"Europe, US, Japan",https://careers.open-xchange.com/,
OpenClassrooms,"North America, Europe",https://jobs.openclassrooms.com/,
OpenCraft,Worldwide,https://opencraft.com/jobs/,
Opensignal,Americas,https://www.opensignal.com/about/careers,
OpenTable,Selected Countries,https://www.opentable.com/careers/,
Openvolt,Europe,https://www.openvolt.com/careers,
OpenZeppelin,Worldwide,https://www.openzeppelin.com/jobs,
Oracle,US,https://www.oracle.com/careers/,
Oradian,"EMEA, APAC, Africa",https://oradian.talentlyft.com/,
Orbisius,Worldwide,https://orbisius.com/jobs,
Ordermentum,Australia,https://www.ordermentum.com/careers,
OSF Digital,Worldwide,https://osf.digital/careers/jobs,
Our-Hometown Inc.,US,https://our-hometown.com/job-opportunities/,
Outer Labs,Worldwide,https://www.outerlabs.io/jobs,
Outliant,US,https://jobs.ashbyhq.com/outliant,
OutsourcingDev,Worldwide,https://www.outsourcingdev.com/careers,
Overjet,Americas,https://www.overjet.ai/careers/,
Overstory,"Europe, Africa, US",https://www.overstory.com/careers,
PacketFabric,Worldwide,https://www.packetfabric.com/careers,
Packlink,Europe,https://careers.packlink.com/,
Pagepro,"Poland, Europe",https://pagepro.co/career,
PagerDuty,"US, Canada, UK, Portugal, Chile",https://careers.pagerduty.com/home,
Pair Team,US,https://boards.greenhouse.io/pairteam,
Paktor,Worldwide,https://www.gopaktor.com/#/career,
Palantir,US,https://www.palantir.net/careers,
"Panda Strike, Inc.",US,https://www.pandastrike.com/join/,
PandaDoc,"Europe, USA",https://www.pandadoc.com/careers/,
Pantheon,US,https://pantheon.io/careers#greenhouse-board-list,
Panther,"US, Canada",https://panther.com/company/careers/,
PAR,"US, Canada",https://partech.com/careers/,
Parabol,Worldwide,https://www.parabol.co/join,
Parallel,US,https://boards.greenhouse.io/parallellearning,
Parity Technologies,Europe,https://www.parity.io/careers,
Park Assist,"Americas, Europe, Africa",https://www.parkassist.com/contact-us-2/careers/,
Parkos,CET +/- 2 Hours,https://jobs.parkos.com/jobs,
Parse.ly,Worldwide,https://www.parse.ly/careers/,
Particular Software,Worldwide,https://particular.net/careers,
Paylocity,US,https://www.paylocity.com/careers/all-listings/,
Paymentology,Worldwide,https://www.paymentology.com/about-us/careers,
PaymentOp,"CET, EET",https://jobs.dou.ua/companies/paymentop/vacancies/,
PayScale,"US, Canada",https://jobs.jobvite.com/payscale/,
Paytm,India,https://paytm.com/careers/,
PayU,Worldwide,https://corporate.payu.com/careers/,
Peerspace,US,https://jobs.lever.co/peerspace,
Pelago,US,https://www.pelagohealth.com/company/careers/,
Pennylane,Europe,https://www.pennylane.com/fr/careers/,
People.ai,Worldwide,https://www.people.ai/about-us/careers,
Perceptyx,"US, Netherlands, Poland",https://go.perceptyx.com/careers,
Percona,Worldwide,https://www.percona.com/about/careers,
Perforce,Worldwide,https://www.perforce.com/careers,
PerformYard,US,https://apply.workable.com/performyard/,
Perkins & Co,US,https://apply.workable.com/perkins-and-co/,
Perspective,Europe,https://www.perspective.co/careers#open-positions,
Pex,Worldwide,https://pex.com/careers/,
PhantomBuster,Worldwide,https://careers.phantombuster.com/,
PhotoRoom,Europe,https://jobs.lever.co/photoroom,
Piktochart ,Worldwide,https://piktochart.com/careers/,
Pinterest,Worldwide,https://www.pinterestcareers.com/en/jobs/,
Pipe,Worldwide,https://pipe.com/careers,
Pitch,Europe,https://pitch.com/jobs,
Plai,"Europe, North America",https://jobs.dou.ua/companies/plai/,
Plaid,"US, Canada, Europe",https://plaid.com/careers/,
Planning Center,US,https://www.planningcenter.com/careers,
PlantingSpace,Worldwide,https://planting.space/joinus/,
Platform.sh,Worldwide,https://platform.sh/company/careers/#grnhse_app,
Pleo,"Europe, Africa",https://www.pleo.io/en/careers,
Plex,Worldwide,https://www.plex.tv/careers/,
Pluralsight,"US, India, Canada",https://www.pluralsight.com/careers,
PNC Financial Services,US,https://careers.pnc.com/global/en,
Pocket Worlds,Worldwide,https://www.pocketworlds.com/careers,
Pocket Worlds,Worldwide,https://www.pocketworlds.com/careers,
Podia,Worldwide,https://www.podia.com/jobs,
Polygon,Worldwide,https://polygon.technology/careers#all-roles,
PostHog,Worldwide,https://posthog.com/careers,
Postscript,Worldwide,https://postscript.io/careers,
PowerSchool,"US, Canada, India",https://www.powerschool.com/company/careers/,
Praxent,Worldwide,https://praxent.com/careers-2,
Precision Medicine Group,Selected Countries,https://careers.precisiongroupcompanies.com/,
Precision Nutrition,Worldwide,https://www.precisionnutrition.com/jobs,
Predict Mobile,UK,None,
PreviousNext,Australia,https://www.previousnext.com.au/about/careers,
Prezi,"Europe, North America",https://prezi.com/jobs/,
Prezly,Worldwide,https://careers.prezly.com/,
PriceLabs,Selected Countries,https://hello.pricelabs.co/careers/,
Primer,Worldwide,primer.io/careers,
Prisma,Worldwide,https://www.prisma.io/careers,
Private Label Staff (PLS),"US, EMEA",https://privatelabelstaff.bamboohr.com/careers,
Procurify,Worldwide,https://www.procurify.com/careers/,
Progress,"Europe, US, India",https://www.progress.com/company/careers,
Prominent Edge,Worldwide,https://prominentedge.com/careers,
Proofpoint,Worldwide,https://www.proofpoint.com/us/company/careers,
Prosci,Selected Countries,https://www.prosci.com/about/careers,
Protegrity,Worldwide,https://www.protegrity.com/about-us/careers,
Proxify,Worldwide,https://career.proxify.io/,
PSPDFKit,Worldwide,https://pspdfkit.com/company/careers/,
publica.la,Worldwide,https://publica.la/en/about/careers,
Publitas,Worldwide,https://jobs.publitas.com/,
Pula,"Europe, Africa, Asia",https://www.pula-advisors.com/careers-2/,
Pulley,Worldwide,https://pulley.com/careers,
Pulumi,Worldwide,https://www.pulumi.com/careers/,
Punchh,"US, Canada",https://partech.com/careers/,
Puppet,Worldwide,https://www.perforce.com/careers,
PWC,Worldwide,https://www.pwc.com/gx/en/careers.html,
Quaderno,Europe,https://www.quaderno.io/jobs,
Qualio,Worldwide,https://www.qualio.com/careers,
Quality Digital,Worldwide,https://jobs.kenoby.com/acct,
Qualtrics,US,https://www.qualtrics.com/careers/us/en,
Quantify,Worldwide,https://wellfound.com/company/quantify,
QuestDB,Worldwide,https://questdb.io/careers/,
Quora,Worldwide,https://www.careers.quora.com/,
Rackner,US,https://boards.greenhouse.io/rackner,
Rackspace,Worldwide,https://rackspace.jobs/,
Radish Lab,Worldwide,https://radishlab.com/about/careers/,
Radix DLT,Worldwide,https://www.rdx.works/careers,
Raft,US,https://boards.greenhouse.io/raft,
Railsware,Worldwide,https://railsware.com/careers/,
Rainforest QA,Worldwide,https://jobs.lever.co/rainforest,
Raisely,Worldwide,https://raisely.com/jobs/,
Raketech Group,EU,https://raketech.com/careers/,
Rakuten Travel Xchange,Worldwide,https://solutions.travel.rakuten.com/jobs,
Ramp,US,https://ramp.com/careers,
Rapid7,Worldwide,https://careers.rapid7.com/jobs/search,
RapidSeedbox,Worldwide,https://www.rapidseedbox.com/jobs,
Rasa,"US, UK, Germany, Serbia",https://rasa.com/careers/#jobs,
RateHawk,Worldwide,https://blog.ratehawk.com/categories/jobs/,Have operations in Russia
Raycast,UTC ± 3 hours,https://www.raycast.com/careers#open-positions,
Realpad ,Worldwide,https://realpad.bamboohr.com/careers,
realworld one,"Germany, Brazil",https://realworld-one.com/careers/,
Rebase Ventures,Worldwide,None. Email to damien+growthrole@rebase.ventures,
Rebilly,Worldwide,https://www.rebilly.com/careers/,Have operations in Russia
ReCharge,Worldwide,https://rechargepayments.com/careers/,
Red Canary,Worldwide,https://redcanary.com/job-openings/,
Red Hat,Worldwide,https://www.redhat.com/en/jobs,
RedCloud,"UK, Portugal",https://www.redcloudtechnology.com/work-with-us,
Reddit,"US, Canada, Europe",https://boards.greenhouse.io/reddit,
Redox,Worldwide,https://www.redoxengine.com/company/careers/,
Reedsy,Selected Countries,https://wellfound.com/company/reedsy/jobs,
Refurbed,Worldwide,https://www.refurbed.de/jobs/,
Relive,Europe,https://jobs.relive.cc/,
Remote,Worldwide,https://remote.com/careers,
Remotestar,Worldwide,https://www.remotestar.io/careers,
RenoFi,Worldwide,https://jobs.lever.co/renofi/,
REPAY,US,https://www.repay.com/careers/,
replit,"US, Canada",https://replit.com/site/careers,
Research Square,Worldwide,https://company.researchsquare.com/careers,
Reserve,US,https://www.reserv.com/careers,
Respondent,Worldwide,https://jobs.lever.co/respondent,
Revealbot,Worldwide,https://apply.workable.com/revealbot/,
Revenue.AI,Worldwide,https://revenue.ai/careers/,
RevenueCat,Worldwide,https://www.revenuecat.com/careers/,
Revolut,Worldwide,https://www.revolut.com/careers/,
Rho Impact,US,https://rhoimpact.com/careers/,
Riverflex,"UK, Netherlands",https://riverflex.com/careers/,
Roadtrippers,US,https://roadtrippers.com/careers/,
Rocket Money,US,https://www.rocketmoney.com/careers,
Rocket.Chat,Worldwide,https://www.rocket.chat/jobs,
rtCamp,Worldwide,https://rtcamp.com/careers/,
RTX,US,https://careers.rtx.com/global/en,
Rubrik,"US, UK, India",https://www.rubrik.com/company/careers,
S&P Global,Worldwide,https://careers.spglobal.com/jobs,
saas.group,Worldwide,https://saas.group/careers/,
Safari AI,North America,https://www.getsafari.ai/careers,
Safeguard Global,Worldwide,https://www.safeguardglobal.com/careers/,
Safelite,US,https://www.safelite.com/careers,
SafetyWing,Worldwide,https://safetywing.com/join-us,
Sagana,Worldwide,https://jobs.lever.co/sagana,
SageSure,US,https://www.sagesure.com/careers/current-job-openings/,
Salesforce,Worldwide,https://www.salesforce.com/company/careers/,
Salsify,"EMEA, US",https://www.salsify.com/careers/current-listings,
Sana,US,https://www.sanabenefits.com/careers/,
Sandhills Development,Worldwide,https://sandhillsdev.com/careers/,
Sandstone Care,US,https://www.sandstonecare.com/about/careers/,
Saviynt,"US, EMEA, India",https://saviynt.com/careers/,
SBT Localization Team,Worldwide,http://sbt.localization.com.ua/vakansiyi/,
Scalable Path,Worldwide,https://www.scalablepath.com/for-freelancers,
Scalac,Worldwide,https://scalac.io/careers/,
Scale at Speed,Worldwide,None,
Scandit,Europe,https://www.scandit.com/careers/,
ScienceLogic,"US, EU, UK",https://sciencelogic.com/careers,
Scopic,Worldwide,https://scopicsoftware.com/careers/#current-openings,
ScrapingBee,Worldwide,None,
Scratchpad,US,https://www.scratchpad.com/careers,
Scratchpay,US,https://jobs.lever.co/scratchfinancial,
ScyllaDB,Worldwide,https://www.scylladb.com/company/careers/,
SDVI,Worldwide,https://www.sdvi.com/careers,
Seamless.AI,US,https://boards.greenhouse.io/seamlessai,
Seaplane,US,https://www.seaplane.io/careers,
Second Dinner,US,https://seconddinner.com/careers/,
Security Finance,US,https://careers-security-finance.icims.com/jobs/intro,
SecurityScorecard,Worldwide,https://securityscorecard.com/company/careers/,
SecurityTrails,Worldwide,https://securitytrails.com/corp/careers,
Seeq,Worldwide,https://www.seeq.com/about/careers,
Self-Custody,Worldwide,https://www.numbrs.com/en-uk/careers/,
Semaphore,Worldwide,https://semaphoreci.com/hiring,
Semrush,Worldwide,https://careers.semrush.com/en/jobs/,
SerpApi,Worldwide,https://serpapi.com/careers,
ServMask,Worldwide,https://wellfound.com/company/servmask-1/jobs,
Session,Worldwide,https://getsession.com/jobs,
SessionLab,Europe,https://www.sessionlab.com/jobs/,
Shareup,Europe,https://shareup.app/jobs/,
Sherpany AG,Europe,https://www.sherpany.com/en/careers/open-positions/,
ShipHero,Worldwide,https://shiphero.com/careers/,
Shippabo,"US, Canada",https://apply.workable.com/shippabo/,
Shogun,Worldwide,https://getshogun.com/careers/,
Shopify,Worldwide,https://www.shopify.com/careers,
Shortcut,Worldwide,https://www.shortcut.com/careers,
Shorthand,Worldwide,https://shorthand.com/careers/,
ShortPoint,Worldwide,https://jobs.shortpoint.com/,
Siena,"Europe, North America",https://jobs.ashbyhq.com/siena,
Sigma Defense,US,https://sigmadefense.com/careers/,
Signal,US,https://signal.org/workworkwork/,
Signeasy,"US, India",https://signeasy.com/jobs,
Silverfin,Europe,https://www.silverfin.com/careers,
Simon Data,US,https://www.simondata.com/careers/,
Simplero,Worldwide,https://simplero.com/careers,
SimpleTexting,Worldwide,https://simpletexting.com/careers/,
Simply Profound Journeys,US,https://simplyprofoundjourneys.recruitee.com/,
Six to Start,Worldwide,https://www.sixtostart.com/workwithus/,
Sked Social,Worldwide,https://skedsocial.com/careers/,
Sketch,"EU, US",https://www.sketch.com/about-us/#careers-at-sketch,
Skillcrush,Worldwide,https://skillcrush.bamboohr.com/careers,
Skillshare,Americas,https://www.skillshare.com/en/careers,
Skillsoft,"US, Canada, India, France, Spain, Ireland",https://www.skillsoft.com/about/careers/current-opportunities,
Slite,Worldwide,https://slite.com/jobs#jobpost-section,
Smartcar,"US, UK",https://smartcar.com/careers/#open-positions,
Smartcat,Worldwide,https://www.smartcat.com/careers/,too many Russians work in the company
Smartling,"Europe, US",https://www.smartling.com/careers/,
Smartsheet,"US, UK",https://www.smartsheet.com/careers,
Smile.io,Worldwide,https://smile.io/careers,
Smith.ai,Worldwide,https://smith.ai/careers,
Smmile Digital,Singapore,https://smmile.com/career-digital-marketing-agency-singapore/,
SmugMug,Worldwide,https://www.smugmug.com/careers,
SnapCare,US,https://snapnurse-ta.breezy.hr/,
Snowplow Analytics,"US, UK",https://snowplow.io/careers/,
Snyk,Worldwide,https://snyk.io/careers/,
SOAX,Worldwide,https://soax.com/careers,
Social Discovery Group (SDG),Worldwide,https://socialdiscoverygroup.com/vacancies,They have employees in Russia and Belarus
social sweethearts,Worldwide,https://apply.workable.com/socialsweethearts/,
SocialHub,Germany,https://socialhub.io/en/career/,
Socket Supply Co.,Worldwide,https://socketsupply.co/jobs/,
SoftwareMill,Europe,https://softwaremill.com/join-us/,
solo.io,"US, UK",https://www.solo.io/company/careers/,
Solventum,Worldwide,https://www.solventum.com/en-us/home/our-company/careers/,
Sommo,Worldwide,None,
Soostone,"Americas, Europe, Africa",https://soostone-client.webflow.io/about#open-positions,
Soshace,Worldwide,https://soshace.com/jobs,
SoundHound,"North America, Germany, France",https://www.soundhound.com/careers/,
Sourcegraph,Worldwide,https://about.sourcegraph.com/jobs,
Spacelift,Europe,https://spacelift.io/careers,
SpiderOak,US,https://spideroak.com/jobs/,
Splice,US,https://worklife.splice.com/,
Spoiler Alert,"US, Canada",https://www.spoileralert.com/careers#current-openings,
SportyBet,Worldwide,https://careers.sporty.com/,
Spotify,Worldwide,https://www.lifeatspotify.com/,
SPREAD GmbH,Germany,https://www.spread.ai/joinus,
Spreaker,Europe,https://careers.spreaker.com/,
Spreedly,US,https://www.spreedly.com/careers,
Springboard,Worldwide,https://www.springboard.com/join-us/,
Spruce,Americas,https://getspruce.com/careers/,
Squarespace,"US, Portugal",https://www.squarespace.com/about/careers,
Stack Exchange,Worldwide,https://stackoverflow.co/company/work-here,
Stack Overflow,Worldwide,https://stackoverflow.co/company/work-here,
Stairlin,Worldwide,https://stairlin.com/en/jobs,
Status,Worldwide,https://jobs.status.im/,
Stedi,"US, Canada, Europe",https://www.stedi.com/careers#roles,
Stencil,"US, Canada",https://getstencil.com/careers,
Sticker Mule,Worldwide,https://www.stickermule.com/careers,
Stone Press,Worldwide,https://www.stonepress.com/career/,
StoneCo,Brazil,https://www.stone.co/careers.html,
Storm Ideas,Europe,https://stormideas.com/#careers,
StormX,Worldwide,https://stormx.io/careers,
Strapi,Worldwide,https://strapi.io/careers,
Strava,"US, UK",https://www.strava.com/careers,
StreamNative,Worldwide,https://streamnative.io/careers,
Stripe,Worldwide,https://stripe.com/jobs/search,
Studio Classes,North America,https://studio.com/careers,
Study Group,Worldwide,https://www.studygroup.com/about-us/careers,
StudySoup,Worldwide,https://studysoup.com/jobs,
Subspace Labs,Worldwide,https://jobs.lever.co/subspacelabs,
Substack,Worldwide,https://substack.com/jobs,
Sunrun,US,https://careers.sunrun.com/us/en/search-results,
Super.com,Worldwide,https://www.super.com/careers,
Superside,Worldwide,https://careers.superside.com/jobs,
SuperSummary,"US, LATAM",https://supersummary.recruitee.com/,
SupportYourApp,Worldwide,https://supportyourapp.com/career/,
SureSwift Capital,Worldwide,https://www.sureswiftcapital.com/saas-jobs/,
Surevine,Worldwide,https://www.surevine.com/jobs/,
Surevine,UK,https://www.surevine.com/jobs/,
Surge,US,https://www.surgeforward.com/careers/,
SurveyMonkey,"US, Canada, Ireland",https://www.momentive.ai/en/careers/,
SUSE,Worldwide,https://jobs.suse.com/us/en,
Sutherland Global,Worldwide,https://jobs.sutherlandglobal.com/,
SweetRush,Worldwide,https://www.sweetrush.com/join-us/,
Swimlane,Worldwide,https://swimlane.com/careers/,
Sylva,Europe,https://boards.greenhouse.io/sylva,
Synapse,"Americas, Europe",https://jobs.lever.co/synapseint/,
Sysdig,"US, Europe",https://sysdig.com/careers/,
Tabby,Worldwide,https://tabby.ai/en-AE/careers,Have operations is Russia
Tackle,US,https://tackle.io/careers/,
Tag1 Consulting,Worldwide,https://www.linkedin.com/company/tag1consulting/jobs/,
Tala,Worldwide,https://tala.co/careers/,
Taledo,Worldwide,https://www.taledo.com/en/jobs,
Tanooki Labs,"US, Canada",https://www.tanookilabs.com/jobs,
Taplytics,"US, Canada",https://taplytics.com/careers/,
Taptap Send,Worldwide,https://www.taptapsend.com/careers,
Taskade,Worldwide,None,
Taskize ,Europe,https://www.taskize.com/about/careers/,
Taskrabbit,"North America, EU",https://www.taskrabbit.com/careers,
TatvaSoft,Worldwide,https://www.tatvasoft.com/career,
Taxa Network,Worldwide,https://apply.workable.com/taxanetwork/,
TaxJar,Worldwide,https://stripe.com/jobs/search,
TeachFX ,US,https://teachfx.com/careers,
Teaching Lab,US,https://www.teachinglab.org/careers,
TeamSnap,Worldwide,https://www.teamsnap.com/company/careers,
TED,"US, Canada, Brazil",https://www.ted.com/about/our-organization/jobs-at-ted,
Teleport,"US, EMEA",https://goteleport.com/careers/,
Teleport (a Topia Company),Europe,https://www.topia.com/careers/,
Telerik,"Europe, US, India",https://www.progress.com/company/careers,
TELUS International,Selected Countries,https://www.telusinternational.com/careers,
Tempo,Worldwide,https://www.tempo.io/open-positions,
Tenable,Worldwide,https://careers.tenable.com/,
Teravision,Latin America,https://www.teravisiontech.com/careers/join-our-team/,
Test Double,"US, Canada",https://testdouble.com/careers,
TestGorilla,Worldwide,https://www.testgorilla.com/careers/,
Testronic,"US, Europe, Nepal",https://apply.workable.com/testronic/,
The Crafters Lab,Worldwide,None,
The Good Food Institute,US,https://gfi.org/careers/,
The Grid,Worldwide,None,
The Harris Poll,US,https://jobs.lever.co/harrisinsights,
The Humane League,"US, APAC",https://thehumaneleague.org/work-with-us,
The Publisher Desk,"US, UK",https://www.publisherdesk.com/careers/,
The Room,Worldwide,https://boards.greenhouse.io/theroom,
The Scale Factory,UK,https://www.scalefactory.com/about/careers/,
The Trevor Project,US,https://www.thetrevorproject.org/careers/,
The/Studio,Worldwide,https://jobs.lever.co/thestudio,
TheoremOne,Worldwide,https://www.theoremone.co/careers,
Thinkful,"US, Israel, India, Spain, UK",https://osv-chegg.wd5.myworkdayjobs.com/Chegg,
Thinkific,Canada,https://www.thinkific.com/careers/,
Third Iron,US,https://thirdiron.com/careers/,
Thorn,US,https://www.thorn.org/careers/,
Ticket Rescue,US,https://ticketrescue.com/careers/opportunities/,
Tide,Worldwide,https://www.tide.co/careers/,
Tidelift,Worldwide,https://tidelift.com/about/careers,
Tidepool,Worldwide,https://www.tidepool.org/jobs#JobsRow,
Tides,US,https://www.tides.org/about/careers/,
TidyHQ,"Asia, Australia",https://wellfound.com/company/tidyhq/jobs,
Time Doctor,Worldwide,https://www.timedoctor.com/jobs,
Timely,Worldwide,https://timelyapp.com/jobs,
Timescale,US Time Zones,https://www.timescale.com/careers,
Timeular,Worldwide,https://timeularhome.notion.site/Open-positions-at-Timeular-3d5bff074bd149e981bb7e3cec1b6c82,
Tinuiti,US,https://tinuiti.com/careers/#open-positions,
TITAN,Worldwide,https://titandxp.com/careers/,
TLM,Worldwide,https://tlmpartners.com/job-openings/,
Toast,"US, UK, Ireland, India",https://careers.toasttab.com/homepage,
Togetherwork,US,https://www.togetherwork.com/jobs/,
Toggl,Worldwide,https://toggl.com/jobs/,
Tongo,Worldwide,https://app.gettongo.com/signup,
Topia,Europe,https://www.topia.com/careers/,
Toptal,Worldwide,https://www.toptal.com/careers,
Tower,Worldwide,https://www.git-tower.com/company/jobs/windows,
Trace3,US,https://www.trace3.com/careers#open-positions,
Trafi,Worldwide,https://www.trafi.com/careers-and-culture,
Trafilea,"LATAM, US",https://www.trafilea.com/careers-2/,
Transloadit,Worldwide,https://transloadit.com/jobs/,The owner is in Russia
Travis,Worldwide,https://www.travistravis.co/careers,
Travis CI,Worldwide,https://www.linkedin.com/company/travis-ci/jobs/,
Treehouse,US,https://teamtreehouse.com/jobs,
Trello,Worldwide,https://www.atlassian.com/company/careers/trello,
Truehold,US,https://www.truehold.com/work-with-us,
Truelogic,Latin America,https://www.truelogic.io/careers,
Truss,Worldwide,https://truss.works/jobs,
Trusted Health,US,https://www.trustedhealth.com/careers,
TSP: The Software Practice,Worldwide,https://thesoftwarepractice.com/careers/,
TTEC,Worldwide,https://www.ttecjobs.com/en,
Tuff,Worldwide,https://tuffgrowth.com/careers/,
TurboTax,Worldwide,https://www.intuit.com/careers/,
Turing,Worldwide,https://careers.turing.com/,
Turnitin,"US, UK, Mexico, Poland, Philippines",https://careers.smartrecruiters.com/TurnitinLLC,
Twilio,Selected Countries,https://www.twilio.com/en-us/company/jobs,
Uberall,"Europe, North America",https://uberall.com/en-us/company/careers,
Udacity,Worldwide,https://www.udacity.com/jobs#content,
UKG,Worldwide,https://www.ukg.com/about-us/careers,
Ukufu,Worldwide,https://careers.ukufu.com/,
Uncapped,"EU, UK",https://www.weareuncapped.com/careers,
Union of Concerned Scientists,US,https://www.ucsusa.org/about/jobs,
United Tech,Worldwide,https://unitedtech.ai/vacancies,
Unlimit,Selected Countries,https://www.unlimit.com/careers/,
unspun,US,https://apply.workable.com/unspun/,
UpCodes,Worldwide,https://up.codes/careers,
UpGuard,Worldwide,https://www.upguard.com/careers,
Upright Labs,US,https://weworkremotely.com/company/upright-labs,
Uptalent,"Americas, APAC",https://www.uptalent.io/careers,
Upwork,Worldwide,https://www.upwork.com/careers,
USAA,US,https://www.usaajobs.com/,
Uscreen,Worldwide,https://www.uscreen.tv/careers/,
User Interviews,US,https://boards.greenhouse.io/userinterviews,
User Research International,Worldwide,https://www.uriux.com/careers/,
Ushahidi,"US, Europe, Africa",https://apply.workable.com/ushahidi/,
Vaco,US,https://www.vaco.com/about/join-our-team/,
Valatam,"UK, LATAM",https://apply.workable.com/valatam/,
Valimail,US,https://www.valimail.com/careers/,
Vannevar Labs,Worldwide,https://www.vannevarlabs.com/careers,
Vanta,"US, Canada",https://www.vanta.com/company/careers#open-roles,
Varnish Software,Worldwide,https://varnish-software.teamtailor.com/,
vast limits,Germany,None,
VEED,Worldwide,https://www.veed.io/careers,
Veeva,Worldwide,https://careers.veeva.com/,
Veho,"USA, Brazil, Argentina",https://www.shipveho.com/careers,
Vercel,"US, UK, Germany, Australia",https://vercel.com/careers,
Veryfi,US,https://www.veryfi.com/careers/,
ViaBill,Worldwide,https://jobs.lever.co/viabill,
Vial,North America,https://vial.com/careers/,
Vialto Partners,Worldwide,https://vialtopartners.com/careers,
vidIQ,Worldwide,https://careers.vidiq.com/,
Vimeo,US,https://vimeo.com/careers/openings,
Virta,US,https://www.virtahealth.com/careers,
Virtual Internships,Worldwide,https://www.virtualinternships.com/join-us/,
Viseven,Worldwide,https://viseven.com/careers/,
Vizibl,EU,https://www.vizibl.co/careers,
VMware,Worldwide,https://careers.vmware.com/careers-home/,
voiio,Germany,https://voiio.jobs.personio.de/,
Voltaira Group,Selected Countries,https://voltaira.recruitee.com/,
Vonage,Worldwide,https://www.vonage.com/careers/,
Vox Media,Worldwide,https://www.voxmedia.com/pages/careers-jobs,
Voxy,"US, Brazil, Asia",https://voxy.com/about/careers/,
VRChat,Worldwide,https://hello.vrchat.com/careers,
VSHN,Switzerland,https://www.vshn.ch/en/jobs/,
Waldo Photos,Worldwide,https://apply.workable.com/waldo-photos/,
Wave,Between UTC -5 and +3,https://www.wave.com/en/careers/,
Wave Accounting,Canada,https://www.waveapps.com/about-us/careers,
Wealthsimple,North America,https://www.wealthsimple.com/en-ca/careers,
WebDevStudios,Worldwide,https://webdevstudios.com/careers/,
Webflow,"US, Canada, UK, Ireland",https://webflow.com/jobs,
WebFX,"US, South Africa, Philippines",https://fxinternational.webfx.com/,
Webrunners,Europe,https://www.webrunners.de/en/jobs-offers/,
Wells Fargo,US,https://www.wellsfargo.com/about/careers/,
Welltech,"UK, Cypress, Ukraine, Spain, Poland",https://welltech.com/career/,
Welocalize,Worldwide,https://www.welocalize.com/company/welocalize-careers/,
WeMakeMVP,Worldwide,None,
WEX,"US, UK, Brazil, Australia",https://www.wexinc.com/about/careers/,
WhatConverts,US,https://www.whatconverts.com/careers,
WhatNot,Worldwide,https://www.whatnot.com/careers,
Whippy,Worldwide,https://whippy.notion.site/Whippy-Careers-096cea6bf9d34ef89153012e295f2a11,
Whitecap SEO,North America,https://www.whitecapseo.com/careers,
Whitespectre,Worldwide,https://www.whitespectre.com/careers/,Operates in Russia
Who Gives A Crap,"US, Europe, Australia",https://us.whogivesacrap.org/pages/jobs,
WiFi Tribe,Worldwide,https://wifitribe.co/jobs/,
wikiHow,US,https://www.wikihow.com/wikiHow:Jobs,
Wikimedia Foundation,Worldwide,https://wikimediafoundation.org/about/jobs/,
Wildix,Worldwide,https://www.wildix.com/careers/,
Windmill Digital,Worldwide,https://www.windmill.digital/careers/,
Winona,"US, Canada",https://jobs.ashbyhq.com/outliant,
Wirecutter,US,https://nytimes.wd5.myworkdayjobs.com/Wirecutter,
Wiz,Selected Countries,https://www.wiz.io/careers,
Wizeline,Worldwide,https://www.wizeline.com/careers/open-roles/,
Wolfram,Worldwide,https://www.wolfram.com/company/careers/,
Wolverine,US,https://www.wolve.com/careers,
Wonders Corporation,"US, Philippines, Malaysia",https://wondersco.com/about-us/a-wonderful-career-awaits-wonders/,
Wordwall,Worldwide,https://apply.workable.com/wordwall/,
Workera,Worldwide,https://workera.ai/careers,
Workfully,Worldwide,https://grow.work-fully.com/jobs,
Workiva,"US, Europe",https://www.workiva.com/careers,
Workmotion,"Europe, Egypt",https://workmotion.com/careers/,
WorkOS,"North America, Europe, South America, Africa",https://workos.com/careers#open-positions,
Workstream,APAC,https://www.workstream.us/careers,
World Education Services (WES),"US, Canada",https://www.wes.org/careers-at-wes/,
World Vision,Worldwide,https://www.wvi.org/careers,
WP Media,"Europe, Americas, Africa",https://apply.workable.com/wp-media/,
Wynd Labs,Worldwide,https://boards.greenhouse.io/wyndlabs,
X-Team,Worldwide,https://jobs.x-team.com/,
Xapo Bank,Worldwide,https://boards.greenhouse.io/xapo61,
YAZIO,"Germany, Italy, Spain, Portugal, UK",https://www.yazio.com/en/open-positions,
Yelp,"US, UK, Germany, Ireland, Canada",https://www.yelp.careers/us/en,
Yodo1,Worldwide,https://www.yodo1.com/careers/,
Yoko Co,Worldwide,https://www.yokoco.com/careers/,
Yomali,Worldwide,https://www.linkedin.com/company/yomali/jobs/,
You are launched,"Ukraine, Poland",None,
You Need A Budget,Worldwide,https://www.ynab.com/careers/,
YouCanBook.me,Worldwide,https://youcanbook.me/jobs,
YouGov,Worldwide,https://jobs.yougov.com/,
Z1,Worldwide,https://z1.digital/careers#position,
Zapier,Worldwide,https://zapier.com/jobs,
Zeal,US,https://www.codingzeal.com/careers,
Zearn,US,https://apply.workable.com/zearn/,
ZEIT.IO,"Germany, Netherlands, Spain, Chile",None,
Zencore,Worldwide,https://zencore.dev/people/careers/,
Zendesk,Worldwide,https://jobs.zendesk.com/us/en/home,
ZenRows,Worldwide,https://zenrows.notion.site/efa1774179f74bbba7dee4cd16ab116c?v=ad95dcd3e4b841eb8d6526d3e7066294,
Zepz,Worldwide,https://zepzpay.com/careers,
Zero,"US, Canada",https://jobs.lever.co/zerolongevity,
Zight (formerly CloudApp),Worldwide,None,
Zip,US,https://zip.co/careers,
Zipdev,Latin America,https://zipdev.com/careers/,
Zipline,Worldwide,https://www.retailzipline.com/about-us/careers,
zolar,Germany,https://www.zolar.de/en/careers,
Zoom,Worldwide,https://careers.zoom.us/home,
Zowie,Europe,https://getzowie.com/careers,
Zscaler,Selected Countries,https://www.zscaler.com/careers#positions,
Zyte,Worldwide,https://www.zyte.com/jobs/,